Accuracy,Precision,Recall,F1,ROC_AUC
0.8212290502793296,0.8032786885245902,0.7101449275362319,0.7538461538461538,0.894729907773386
0.8089887640449438,0.7575757575757576,0.7352941176470589,0.746268656716418,0.8818181818181817
0.8033707865168539,0.7704918032786885,0.6911764705882353,0.7286821705426356,0.838903743315508
0.8146067415730337,0.7777777777777778,0.7205882352941176,0.7480916030534351,0.8538770053475936
0.8707865168539326,0.8833333333333333,0.7681159420289855,0.8217054263565892,0.898284802552852
